{
  "lang":"en",
  "name":"pipeline",
  "version":"0.0.0",
  "spacy_version":">=3.6.0,<3.7.0",
  "description":"",
  "author":"",
  "email":"",
  "url":"",
  "license":"",
  "spacy_git_version":"6fc153a26",
  "vectors":{
    "width":300,
    "vectors":514157,
    "keys":514157,
    "name":"en_vectors",
    "mode":"default"
  },
  "labels":{
    "tok2vec":[

    ],
    "ner":[
      "DATE",
      "DURATION",
      "END_TIME",
      "EVENT_ID",
      "LOCATION",
      "START_TIME",
      "SUMMARY"
    ]
  },
  "pipeline":[
    "tok2vec",
    "ner"
  ],
  "components":[
    "tok2vec",
    "ner"
  ],
  "disabled":[

  ],
  "performance":{
    "ents_f":1.0,
    "ents_p":1.0,
    "ents_r":1.0,
    "ents_per_type":{
      "SUMMARY":{
        "p":1.0,
        "r":1.0,
        "f":1.0
      },
      "DATE":{
        "p":1.0,
        "r":1.0,
        "f":1.0
      },
      "START_TIME":{
        "p":1.0,
        "r":1.0,
        "f":1.0
      },
      "END_TIME":{
        "p":1.0,
        "r":1.0,
        "f":1.0
      },
      "LOCATION":{
        "p":1.0,
        "r":1.0,
        "f":1.0
      },
      "EVENT_ID":{
        "p":1.0,
        "r":1.0,
        "f":1.0
      },
      "DURATION":{
        "p":1.0,
        "r":1.0,
        "f":1.0
      }
    },
    "tok2vec_loss":0.000000348,
    "ner_loss":0.0000024722
  }
}